/*!40101 SET @OLD_CHARACTER_SET_CLIENT=@@CHARACTER_SET_CLIENT */;
/*!40101 SET NAMES utf8 */;
/*!50503 SET NAMES utf8mb4 */;
/*!40014 SET @OLD_FOREIGN_KEY_CHECKS=@@FOREIGN_KEY_CHECKS, FOREIGN_KEY_CHECKS=0 */;
/*!40101 SET @OLD_SQL_MODE=@@SQL_MODE, SQL_MODE='NO_AUTO_VALUE_ON_ZERO' */;

DROP DATABASE IF EXISTS `docroute`;
CREATE DATABASE IF NOT EXISTS `docroute` /*!40100 DEFAULT CHARACTER SET latin1 */;
USE `docroute`;

DROP TABLE IF EXISTS `department`;
CREATE TABLE IF NOT EXISTS `department` (
  `departmentId` int(11) NOT NULL AUTO_INCREMENT,
  `departmentName` text NOT NULL,
  `status` int(11) NOT NULL,
  PRIMARY KEY (`departmentId`)
) ENGINE=InnoDB DEFAULT CHARSET=latin1;

DELETE FROM `department`;
/*!40000 ALTER TABLE `department` DISABLE KEYS */;
INSERT INTO `department` (`departmentId`, `departmentName`, `status`) VALUES
	(1, 'IT', 1),
	(2, 'Marketing', 1),
	(3, 'Finance', 1);
/*!40000 ALTER TABLE `department` ENABLE KEYS */;

DROP TABLE IF EXISTS `documentaccesshistory`;
CREATE TABLE IF NOT EXISTS `documentaccesshistory` (
  `accessHistoryId` int(11) NOT NULL AUTO_INCREMENT,
  `documentId` int(11) NOT NULL DEFAULT '0',
  `userId` int(11) NOT NULL DEFAULT '0',
  `accessDate` date NOT NULL,
  `accessTime` time NOT NULL,
  `accessType` int(11) NOT NULL DEFAULT '0',
  PRIMARY KEY (`accessHistoryId`)
) ENGINE=InnoDB DEFAULT CHARSET=latin1;

DELETE FROM `documentaccesshistory`;
/*!40000 ALTER TABLE `documentaccesshistory` DISABLE KEYS */;
/*!40000 ALTER TABLE `documentaccesshistory` ENABLE KEYS */;

DROP TABLE IF EXISTS `documentno`;
CREATE TABLE IF NOT EXISTS `documentno` (
  `id` int(11) NOT NULL AUTO_INCREMENT,
  `nextdocumentno` varchar(50) DEFAULT NULL,
  PRIMARY KEY (`id`)
) ENGINE=InnoDB DEFAULT CHARSET=latin1;

DELETE FROM `documentno`;
/*!40000 ALTER TABLE `documentno` DISABLE KEYS */;
INSERT INTO `documentno` (`id`, `nextdocumentno`) VALUES
	(1, '10004');
/*!40000 ALTER TABLE `documentno` ENABLE KEYS */;

DROP TABLE IF EXISTS `documenttransfer`;
CREATE TABLE IF NOT EXISTS `documenttransfer` (
  `transferId` int(11) NOT NULL AUTO_INCREMENT,
  `documentId` int(11) NOT NULL DEFAULT '0',
  `transferDate` date DEFAULT NULL,
  `transferTime` time DEFAULT NULL,
  `transferToUserId` int(11) DEFAULT NULL,
  `transferFromUserId` int(11) DEFAULT NULL,
  `remark` text,
  PRIMARY KEY (`transferId`)
) ENGINE=InnoDB DEFAULT CHARSET=latin1;

DELETE FROM `documenttransfer`;
/*!40000 ALTER TABLE `documenttransfer` DISABLE KEYS */;
INSERT INTO `documenttransfer` (`transferId`, `documentId`, `transferDate`, `transferTime`, `transferToUserId`, `transferFromUserId`, `remark`) VALUES
	(1, 3, '2020-05-22', '21:12:59', 2, 1, 'Transfer by irosh');
/*!40000 ALTER TABLE `documenttransfer` ENABLE KEYS */;

DROP TABLE IF EXISTS `documentupload`;
CREATE TABLE IF NOT EXISTS `documentupload` (
  `documentId` int(11) NOT NULL AUTO_INCREMENT,
  `documentno` varchar(50) DEFAULT NULL,
  `userId` int(11) NOT NULL DEFAULT '0',
  `remark` text,
  `status` int(11) NOT NULL DEFAULT '0',
  `uploadDate` date NOT NULL,
  `uploadTime` time NOT NULL,
  `documentPath` text NOT NULL,
  PRIMARY KEY (`documentId`)
) ENGINE=InnoDB DEFAULT CHARSET=latin1;

DELETE FROM `documentupload`;
/*!40000 ALTER TABLE `documentupload` DISABLE KEYS */;
INSERT INTO `documentupload` (`documentId`, `documentno`, `userId`, `remark`, `status`, `uploadDate`, `uploadTime`, `documentPath`) VALUES
	(1, '10001', 1, NULL, 1, '2020-05-16', '09:11:11', 'fec754bd-198a-43b1-a3ef-aefb98698297.pdf'),
	(2, '10002', 1, NULL, 1, '2020-05-16', '09:11:32', '3e8f9e6b-a7bc-41d5-9d29-095a59ec7d4d.pdf'),
	(3, '10003', 1, 'Sample Remak', 1, '2020-05-22', '21:06:42', 'ed6c80be-63a4-42d5-8e38-2e7d1a3cb2a5.pdf');
/*!40000 ALTER TABLE `documentupload` ENABLE KEYS */;

DROP TABLE IF EXISTS `errorlog`;
CREATE TABLE IF NOT EXISTS `errorlog` (
  `errorId` int(11) NOT NULL AUTO_INCREMENT,
  `userId` int(11) DEFAULT NULL,
  `errorMessage` text NOT NULL,
  `errorTime` time NOT NULL,
  `errorDate` date NOT NULL,
  `errorPage` text NOT NULL,
  PRIMARY KEY (`errorId`)
) ENGINE=InnoDB DEFAULT CHARSET=latin1;

DELETE FROM `errorlog`;
/*!40000 ALTER TABLE `errorlog` DISABLE KEYS */;
/*!40000 ALTER TABLE `errorlog` ENABLE KEYS */;

DROP TABLE IF EXISTS `loginhistory`;
CREATE TABLE IF NOT EXISTS `loginhistory` (
  `loginHistoryId` int(11) NOT NULL AUTO_INCREMENT,
  `userId` int(11) NOT NULL DEFAULT '0',
  `loginDate` date NOT NULL,
  `loginTime` time NOT NULL,
  `logoutDate` date NOT NULL,
  `logoutTime` time NOT NULL,
  PRIMARY KEY (`loginHistoryId`)
) ENGINE=InnoDB DEFAULT CHARSET=latin1;

DELETE FROM `loginhistory`;
/*!40000 ALTER TABLE `loginhistory` DISABLE KEYS */;
INSERT INTO `loginhistory` (`loginHistoryId`, `userId`, `loginDate`, `loginTime`, `logoutDate`, `logoutTime`) VALUES
	(1, 1, '2020-05-01', '13:13:48', '0000-00-00', '00:00:00'),
	(2, 1, '2020-05-01', '13:30:20', '0000-00-00', '00:00:00'),
	(3, 1, '2020-05-01', '13:33:41', '0001-01-01', '00:00:00'),
	(4, 1, '2020-05-01', '13:35:03', '0001-01-01', '00:00:00'),
	(5, 1, '2020-05-01', '16:23:40', '0001-01-01', '00:00:00'),
	(6, 1, '2020-05-01', '17:44:54', '0001-01-01', '00:00:00'),
	(7, 1, '2020-05-01', '18:12:25', '0001-01-01', '00:00:00'),
	(8, 1, '2020-05-01', '18:16:06', '0001-01-01', '00:00:00'),
	(9, 1, '2020-05-01', '18:22:12', '0001-01-01', '00:00:00'),
	(10, 1, '2020-05-01', '18:28:10', '0001-01-01', '00:00:00'),
	(11, 1, '2020-05-01', '18:29:17', '0001-01-01', '00:00:00'),
	(12, 1, '2020-05-01', '18:30:13', '0001-01-01', '00:00:00'),
	(13, 1, '2020-05-01', '19:05:54', '0001-01-01', '00:00:00'),
	(14, 1, '2020-05-01', '19:17:49', '0001-01-01', '00:00:00'),
	(15, 1, '2020-05-01', '19:20:31', '0001-01-01', '00:00:00'),
	(16, 1, '2020-05-01', '19:44:29', '0001-01-01', '00:00:00'),
	(17, 1, '2020-05-01', '19:46:56', '0001-01-01', '00:00:00'),
	(18, 1, '2020-05-01', '19:49:02', '0001-01-01', '00:00:00'),
	(19, 1, '2020-05-01', '19:50:11', '0001-01-01', '00:00:00'),
	(20, 1, '2020-05-01', '19:54:40', '0001-01-01', '00:00:00'),
	(21, 1, '2020-05-01', '19:56:18', '0001-01-01', '00:00:00'),
	(22, 1, '2020-05-01', '20:01:02', '0001-01-01', '00:00:00'),
	(23, 1, '2020-05-01', '20:02:13', '0001-01-01', '00:00:00'),
	(24, 1, '2020-05-01', '20:03:11', '0001-01-01', '00:00:00'),
	(25, 1, '2020-05-01', '20:04:15', '0001-01-01', '00:00:00'),
	(26, 1, '2020-05-01', '20:27:32', '0001-01-01', '00:00:00'),
	(27, 1, '2020-05-01', '20:28:30', '0001-01-01', '00:00:00'),
	(28, 1, '2020-05-01', '20:47:32', '0001-01-01', '00:00:00'),
	(29, 1, '2020-05-01', '20:49:32', '0001-01-01', '00:00:00'),
	(30, 1, '2020-05-01', '20:51:48', '0001-01-01', '00:00:00'),
	(31, 1, '2020-05-01', '20:54:55', '0001-01-01', '00:00:00'),
	(32, 1, '2020-05-01', '20:56:29', '0001-01-01', '00:00:00'),
	(33, 1, '2020-05-01', '21:01:04', '0001-01-01', '00:00:00'),
	(34, 1, '2020-05-01', '21:02:42', '0001-01-01', '00:00:00'),
	(35, 1, '2020-05-01', '21:14:50', '0001-01-01', '00:00:00'),
	(36, 1, '2020-05-02', '08:37:49', '0001-01-01', '00:00:00'),
	(37, 1, '2020-05-02', '08:44:56', '0001-01-01', '00:00:00'),
	(38, 1, '2020-05-02', '09:21:38', '0001-01-01', '00:00:00'),
	(39, 1, '2020-05-02', '11:54:17', '0001-01-01', '00:00:00'),
	(40, 1, '2020-05-02', '12:07:41', '0001-01-01', '00:00:00'),
	(41, 1, '2020-05-02', '12:32:52', '0001-01-01', '00:00:00'),
	(42, 1, '2020-05-02', '12:37:39', '0001-01-01', '00:00:00'),
	(43, 1, '2020-05-02', '12:52:42', '0001-01-01', '00:00:00'),
	(44, 1, '2020-05-02', '16:16:49', '0001-01-01', '00:00:00'),
	(45, 1, '2020-05-02', '16:49:24', '0001-01-01', '00:00:00'),
	(46, 1, '2020-05-02', '17:26:16', '0001-01-01', '00:00:00'),
	(47, 1, '2020-05-02', '17:28:46', '0001-01-01', '00:00:00'),
	(48, 1, '2020-05-02', '17:30:18', '0001-01-01', '00:00:00'),
	(49, 1, '2020-05-02', '17:31:02', '0001-01-01', '00:00:00'),
	(50, 1, '2020-05-02', '18:11:42', '0001-01-01', '00:00:00'),
	(51, 1, '2020-05-02', '18:18:47', '0001-01-01', '00:00:00'),
	(52, 1, '2020-05-02', '18:22:36', '0001-01-01', '00:00:00'),
	(53, 1, '2020-05-02', '18:32:33', '0001-01-01', '00:00:00'),
	(54, 1, '2020-05-02', '22:36:11', '0001-01-01', '00:00:00'),
	(55, 1, '2020-05-02', '22:38:24', '0001-01-01', '00:00:00'),
	(56, 1, '2020-05-02', '22:45:42', '0001-01-01', '00:00:00'),
	(57, 1, '2020-05-02', '22:48:39', '0001-01-01', '00:00:00'),
	(58, 1, '2020-05-02', '22:49:40', '0001-01-01', '00:00:00'),
	(59, 1, '2020-05-02', '22:53:22', '0001-01-01', '00:00:00'),
	(60, 1, '2020-05-02', '23:00:21', '0001-01-01', '00:00:00'),
	(61, 1, '2020-05-02', '23:39:02', '0001-01-01', '00:00:00'),
	(62, 1, '2020-05-02', '23:50:05', '0001-01-01', '00:00:00'),
	(63, 1, '2020-05-02', '23:57:08', '0001-01-01', '00:00:00'),
	(64, 1, '2020-05-03', '00:01:07', '0001-01-01', '00:00:00'),
	(65, 1, '2020-05-03', '00:05:52', '0001-01-01', '00:00:00'),
	(66, 1, '2020-05-03', '00:07:17', '0001-01-01', '00:00:00'),
	(67, 1, '2020-05-03', '00:10:47', '0001-01-01', '00:00:00'),
	(68, 1, '2020-05-03', '00:12:57', '0001-01-01', '00:00:00'),
	(69, 1, '2020-05-03', '00:17:47', '0001-01-01', '00:00:00'),
	(70, 1, '2020-05-03', '00:19:01', '0001-01-01', '00:00:00'),
	(71, 1, '2020-05-03', '00:20:01', '0001-01-01', '00:00:00'),
	(72, 1, '2020-05-03', '00:22:20', '0001-01-01', '00:00:00'),
	(73, 1, '2020-05-03', '00:23:40', '0001-01-01', '00:00:00'),
	(74, 1, '2020-05-03', '00:25:06', '0001-01-01', '00:00:00'),
	(75, 1, '2020-05-03', '00:26:21', '0001-01-01', '00:00:00'),
	(76, 1, '2020-05-03', '00:30:03', '0001-01-01', '00:00:00'),
	(77, 1, '2020-05-03', '00:39:59', '0001-01-01', '00:00:00'),
	(78, 1, '2020-05-03', '00:42:58', '0001-01-01', '00:00:00'),
	(79, 1, '2020-05-03', '00:44:21', '0001-01-01', '00:00:00'),
	(80, 1, '2020-05-03', '00:45:54', '0001-01-01', '00:00:00'),
	(81, 1, '2020-05-03', '02:15:23', '0001-01-01', '00:00:00'),
	(82, 1, '2020-05-03', '02:17:45', '0001-01-01', '00:00:00'),
	(83, 1, '2020-05-03', '02:29:10', '0001-01-01', '00:00:00'),
	(84, 1, '2020-05-03', '02:34:52', '0001-01-01', '00:00:00'),
	(85, 1, '2020-05-03', '03:31:49', '0001-01-01', '00:00:00'),
	(86, 1, '2020-05-03', '03:39:43', '0001-01-01', '00:00:00'),
	(87, 1, '2020-05-03', '03:50:08', '0001-01-01', '00:00:00'),
	(88, 1, '2020-05-03', '03:53:25', '0001-01-01', '00:00:00'),
	(89, 1, '2020-05-03', '03:58:26', '0001-01-01', '00:00:00'),
	(90, 1, '2020-05-03', '04:06:19', '0001-01-01', '00:00:00'),
	(91, 1, '2020-05-03', '04:09:11', '0001-01-01', '00:00:00'),
	(92, 1, '2020-05-03', '04:16:58', '0001-01-01', '00:00:00'),
	(93, 1, '2020-05-03', '04:21:40', '0001-01-01', '00:00:00'),
	(94, 1, '2020-05-03', '12:45:47', '0001-01-01', '00:00:00'),
	(95, 1, '2020-05-03', '12:46:36', '0001-01-01', '00:00:00'),
	(96, 1, '2020-05-03', '12:54:36', '0001-01-01', '00:00:00'),
	(97, 1, '2020-05-03', '13:37:51', '0001-01-01', '00:00:00'),
	(98, 1, '2020-05-03', '14:25:04', '0001-01-01', '00:00:00'),
	(99, 1, '2020-05-03', '15:18:32', '0001-01-01', '00:00:00'),
	(100, 1, '2020-05-03', '15:22:27', '0001-01-01', '00:00:00'),
	(101, 1, '2020-05-03', '15:25:35', '0001-01-01', '00:00:00'),
	(102, 1, '2020-05-03', '15:27:23', '0001-01-01', '00:00:00'),
	(103, 1, '2020-05-03', '15:42:24', '0001-01-01', '00:00:00'),
	(104, 1, '2020-05-03', '16:16:52', '0001-01-01', '00:00:00'),
	(105, 1, '2020-05-03', '16:43:14', '0001-01-01', '00:00:00'),
	(106, 1, '2020-05-03', '16:47:38', '0001-01-01', '00:00:00'),
	(107, 1, '2020-05-03', '16:55:55', '0001-01-01', '00:00:00'),
	(108, 1, '2020-05-03', '17:00:30', '0001-01-01', '00:00:00'),
	(109, 1, '2020-05-03', '17:40:51', '0001-01-01', '00:00:00'),
	(110, 1, '2020-05-03', '17:43:14', '0001-01-01', '00:00:00'),
	(111, 1, '2020-05-03', '17:47:00', '0001-01-01', '00:00:00'),
	(112, 1, '2020-05-03', '17:48:59', '0001-01-01', '00:00:00'),
	(113, 1, '2020-05-03', '17:52:27', '0001-01-01', '00:00:00'),
	(114, 1, '2020-05-03', '18:00:20', '0001-01-01', '00:00:00'),
	(115, 1, '2020-05-03', '18:03:19', '0001-01-01', '00:00:00'),
	(116, 1, '2020-05-03', '18:06:16', '0001-01-01', '00:00:00'),
	(117, 1, '2020-05-03', '18:07:24', '0001-01-01', '00:00:00'),
	(118, 1, '2020-05-03', '18:11:21', '0001-01-01', '00:00:00'),
	(119, 1, '2020-05-03', '18:15:02', '0001-01-01', '00:00:00'),
	(120, 1, '2020-05-03', '18:20:56', '0001-01-01', '00:00:00'),
	(121, 1, '2020-05-03', '18:22:59', '0001-01-01', '00:00:00'),
	(122, 1, '2020-05-03', '18:24:53', '0001-01-01', '00:00:00'),
	(123, 1, '2020-05-03', '18:29:48', '0001-01-01', '00:00:00'),
	(124, 1, '2020-05-03', '18:32:35', '0001-01-01', '00:00:00'),
	(125, 1, '2020-05-03', '18:35:48', '0001-01-01', '00:00:00'),
	(126, 1, '2020-05-03', '18:36:47', '0001-01-01', '00:00:00'),
	(127, 1, '2020-05-03', '18:56:02', '0001-01-01', '00:00:00'),
	(128, 1, '2020-05-03', '19:00:36', '0001-01-01', '00:00:00'),
	(129, 1, '2020-05-03', '19:02:31', '0001-01-01', '00:00:00'),
	(130, 1, '2020-05-03', '19:04:26', '0001-01-01', '00:00:00'),
	(131, 1, '2020-05-03', '19:27:51', '0001-01-01', '00:00:00'),
	(132, 1, '2020-05-03', '19:41:28', '0001-01-01', '00:00:00'),
	(133, 1, '2020-05-03', '19:50:22', '0001-01-01', '00:00:00'),
	(134, 1, '2020-05-03', '19:54:26', '0001-01-01', '00:00:00'),
	(135, 1, '2020-05-03', '20:04:15', '0001-01-01', '00:00:00'),
	(136, 1, '2020-05-03', '20:06:21', '0001-01-01', '00:00:00'),
	(137, 1, '2020-05-03', '20:07:41', '0001-01-01', '00:00:00'),
	(138, 1, '2020-05-03', '20:12:27', '0001-01-01', '00:00:00'),
	(139, 1, '2020-05-03', '20:14:45', '0001-01-01', '00:00:00'),
	(140, 1, '2020-05-03', '20:22:45', '0001-01-01', '00:00:00'),
	(141, 1, '2020-05-03', '20:27:12', '0001-01-01', '00:00:00'),
	(142, 1, '2020-05-03', '20:30:51', '0001-01-01', '00:00:00'),
	(143, 1, '2020-05-03', '20:34:40', '0001-01-01', '00:00:00'),
	(144, 1, '2020-05-03', '20:36:29', '0001-01-01', '00:00:00'),
	(145, 1, '2020-05-03', '20:40:58', '0001-01-01', '00:00:00'),
	(146, 1, '2020-05-03', '21:30:16', '0001-01-01', '00:00:00'),
	(147, 1, '2020-05-03', '21:32:47', '0001-01-01', '00:00:00'),
	(148, 1, '2020-05-03', '21:34:52', '0001-01-01', '00:00:00'),
	(149, 1, '2020-05-03', '21:38:46', '0001-01-01', '00:00:00'),
	(150, 1, '2020-05-03', '21:40:08', '0001-01-01', '00:00:00'),
	(151, 1, '2020-05-03', '21:42:40', '0001-01-01', '00:00:00'),
	(152, 1, '2020-05-03', '21:51:03', '0001-01-01', '00:00:00'),
	(153, 1, '2020-05-03', '22:22:48', '0001-01-01', '00:00:00'),
	(154, 1, '2020-05-03', '23:22:35', '0001-01-01', '00:00:00'),
	(155, 1, '2020-05-03', '23:26:15', '0001-01-01', '00:00:00'),
	(156, 1, '2020-05-03', '23:27:25', '0001-01-01', '00:00:00'),
	(157, 1, '2020-05-05', '21:57:13', '0001-01-01', '00:00:00'),
	(158, 1, '2020-05-05', '21:58:39', '0001-01-01', '00:00:00'),
	(159, 1, '2020-05-05', '22:21:47', '0001-01-01', '00:00:00'),
	(160, 5, '2020-05-05', '22:26:44', '0001-01-01', '00:00:00'),
	(161, 6, '2020-05-05', '22:32:49', '0001-01-01', '00:00:00'),
	(162, 6, '2020-05-05', '22:37:45', '0001-01-01', '00:00:00'),
	(163, 6, '2020-05-05', '22:41:15', '0001-01-01', '00:00:00'),
	(164, 1, '2020-05-05', '23:03:56', '0001-01-01', '00:00:00'),
	(165, 1, '2020-05-05', '23:07:17', '0001-01-01', '00:00:00'),
	(166, 1, '2020-05-05', '23:09:47', '0001-01-01', '00:00:00'),
	(167, 1, '2020-05-05', '23:14:43', '0001-01-01', '00:00:00'),
	(168, 1, '2020-05-05', '23:20:30', '0001-01-01', '00:00:00'),
	(169, 1, '2020-05-05', '23:30:40', '0001-01-01', '00:00:00'),
	(170, 1, '2020-05-05', '23:39:37', '0001-01-01', '00:00:00'),
	(171, 1, '2020-05-05', '23:42:29', '0001-01-01', '00:00:00'),
	(172, 1, '2020-05-05', '23:44:38', '0001-01-01', '00:00:00'),
	(173, 1, '2020-05-05', '23:49:22', '0001-01-01', '00:00:00'),
	(174, 1, '2020-05-05', '23:59:15', '0001-01-01', '00:00:00'),
	(175, 1, '2020-05-06', '00:04:22', '0001-01-01', '00:00:00'),
	(176, 1, '2020-05-08', '10:50:09', '0001-01-01', '00:00:00'),
	(177, 1, '2020-05-08', '10:51:11', '0001-01-01', '00:00:00'),
	(178, 1, '2020-05-08', '10:59:47', '0001-01-01', '00:00:00'),
	(179, 1, '2020-05-08', '11:10:54', '0001-01-01', '00:00:00'),
	(180, 1, '2020-05-08', '11:29:50', '0001-01-01', '00:00:00'),
	(181, 1, '2020-05-08', '11:31:03', '0001-01-01', '00:00:00'),
	(182, 1, '2020-05-08', '11:39:10', '0001-01-01', '00:00:00'),
	(183, 1, '2020-05-08', '11:45:08', '0001-01-01', '00:00:00'),
	(184, 1, '2020-05-08', '11:50:11', '0001-01-01', '00:00:00'),
	(185, 1, '2020-05-08', '11:51:00', '0001-01-01', '00:00:00'),
	(186, 1, '2020-05-08', '11:56:08', '0001-01-01', '00:00:00'),
	(187, 1, '2020-05-08', '11:58:24', '0001-01-01', '00:00:00'),
	(188, 1, '2020-05-08', '11:59:16', '0001-01-01', '00:00:00'),
	(189, 1, '2020-05-08', '12:16:05', '0001-01-01', '00:00:00'),
	(190, 1, '2020-05-08', '12:17:09', '0001-01-01', '00:00:00'),
	(191, 1, '2020-05-08', '12:17:38', '0001-01-01', '00:00:00'),
	(192, 1, '2020-05-08', '12:18:52', '0001-01-01', '00:00:00'),
	(193, 1, '2020-05-08', '12:19:38', '0001-01-01', '00:00:00'),
	(194, 1, '2020-05-08', '12:33:25', '0001-01-01', '00:00:00'),
	(195, 1, '2020-05-08', '12:36:46', '0001-01-01', '00:00:00'),
	(196, 1, '2020-05-08', '12:37:43', '0001-01-01', '00:00:00'),
	(197, 1, '2020-05-08', '12:39:00', '0001-01-01', '00:00:00'),
	(198, 1, '2020-05-08', '12:44:37', '0001-01-01', '00:00:00'),
	(199, 1, '2020-05-08', '12:47:27', '0001-01-01', '00:00:00'),
	(200, 1, '2020-05-08', '12:48:08', '0001-01-01', '00:00:00'),
	(201, 1, '2020-05-08', '12:58:07', '0001-01-01', '00:00:00'),
	(202, 1, '2020-05-08', '13:02:16', '0001-01-01', '00:00:00'),
	(203, 1, '2020-05-08', '13:04:48', '0001-01-01', '00:00:00'),
	(204, 1, '2020-05-08', '13:17:30', '0001-01-01', '00:00:00'),
	(205, 1, '2020-05-08', '13:18:48', '0001-01-01', '00:00:00'),
	(206, 1, '2020-05-08', '13:19:52', '0001-01-01', '00:00:00'),
	(207, 1, '2020-05-08', '13:27:54', '0001-01-01', '00:00:00'),
	(208, 1, '2020-05-08', '13:29:15', '0001-01-01', '00:00:00'),
	(209, 1, '2020-05-08', '13:31:08', '0001-01-01', '00:00:00'),
	(210, 1, '2020-05-08', '13:31:49', '0001-01-01', '00:00:00'),
	(211, 1, '2020-05-08', '13:33:56', '0001-01-01', '00:00:00'),
	(212, 1, '2020-05-08', '13:34:36', '0001-01-01', '00:00:00'),
	(213, 1, '2020-05-08', '13:36:38', '0001-01-01', '00:00:00'),
	(214, 1, '2020-05-08', '14:02:22', '0001-01-01', '00:00:00'),
	(215, 1, '2020-05-08', '14:03:01', '0001-01-01', '00:00:00'),
	(216, 1, '2020-05-08', '14:09:00', '0001-01-01', '00:00:00'),
	(217, 1, '2020-05-08', '14:13:13', '0001-01-01', '00:00:00'),
	(218, 1, '2020-05-08', '14:14:22', '0001-01-01', '00:00:00'),
	(219, 1, '2020-05-08', '14:15:36', '0001-01-01', '00:00:00'),
	(220, 1, '2020-05-08', '15:48:15', '0001-01-01', '00:00:00'),
	(221, 1, '2020-05-08', '15:52:00', '0001-01-01', '00:00:00'),
	(222, 1, '2020-05-08', '16:00:00', '0001-01-01', '00:00:00'),
	(223, 1, '2020-05-08', '16:07:51', '0001-01-01', '00:00:00'),
	(224, 1, '2020-05-08', '16:11:36', '0001-01-01', '00:00:00'),
	(225, 1, '2020-05-08', '16:14:25', '0001-01-01', '00:00:00'),
	(226, 1, '2020-05-08', '16:22:21', '0001-01-01', '00:00:00'),
	(227, 1, '2020-05-08', '16:25:33', '0001-01-01', '00:00:00'),
	(228, 1, '2020-05-08', '16:34:45', '0001-01-01', '00:00:00'),
	(229, 1, '2020-05-08', '16:40:27', '0001-01-01', '00:00:00'),
	(230, 1, '2020-05-08', '16:41:46', '0001-01-01', '00:00:00'),
	(231, 1, '2020-05-08', '16:49:14', '0001-01-01', '00:00:00'),
	(232, 1, '2020-05-08', '16:51:18', '0001-01-01', '00:00:00'),
	(233, 1, '2020-05-08', '16:55:09', '0001-01-01', '00:00:00'),
	(234, 1, '2020-05-08', '17:10:40', '0001-01-01', '00:00:00'),
	(235, 1, '2020-05-08', '17:13:51', '0001-01-01', '00:00:00'),
	(236, 1, '2020-05-08', '17:17:24', '0001-01-01', '00:00:00'),
	(237, 1, '2020-05-08', '17:18:56', '0001-01-01', '00:00:00'),
	(238, 1, '2020-05-08', '17:23:16', '0001-01-01', '00:00:00'),
	(239, 1, '2020-05-08', '17:29:22', '0001-01-01', '00:00:00'),
	(240, 1, '2020-05-08', '17:37:52', '0001-01-01', '00:00:00'),
	(241, 1, '2020-05-08', '17:41:16', '0001-01-01', '00:00:00'),
	(242, 1, '2020-05-08', '17:46:55', '0001-01-01', '00:00:00'),
	(243, 1, '2020-05-08', '17:52:35', '0001-01-01', '00:00:00'),
	(244, 1, '2020-05-08', '17:58:50', '0001-01-01', '00:00:00'),
	(245, 1, '2020-05-08', '18:08:50', '0001-01-01', '00:00:00'),
	(246, 1, '2020-05-08', '18:11:55', '0001-01-01', '00:00:00'),
	(247, 1, '2020-05-08', '18:14:21', '0001-01-01', '00:00:00'),
	(248, 1, '2020-05-08', '18:16:27', '0001-01-01', '00:00:00'),
	(249, 1, '2020-05-08', '18:21:04', '0001-01-01', '00:00:00'),
	(250, 1, '2020-05-08', '18:59:41', '0001-01-01', '00:00:00'),
	(251, 1, '2020-05-08', '19:00:55', '0001-01-01', '00:00:00'),
	(252, 1, '2020-05-08', '19:02:00', '0001-01-01', '00:00:00'),
	(253, 1, '2020-05-08', '19:14:54', '0001-01-01', '00:00:00'),
	(254, 1, '2020-05-08', '19:17:38', '0001-01-01', '00:00:00'),
	(255, 1, '2020-05-08', '19:19:08', '0001-01-01', '00:00:00'),
	(256, 1, '2020-05-08', '19:21:34', '0001-01-01', '00:00:00'),
	(257, 1, '2020-05-08', '19:23:14', '0001-01-01', '00:00:00'),
	(258, 1, '2020-05-08', '19:29:00', '0001-01-01', '00:00:00'),
	(259, 1, '2020-05-08', '19:34:31', '0001-01-01', '00:00:00'),
	(260, 1, '2020-05-08', '19:37:06', '0001-01-01', '00:00:00'),
	(261, 1, '2020-05-08', '19:38:34', '0001-01-01', '00:00:00'),
	(262, 1, '2020-05-08', '19:40:04', '0001-01-01', '00:00:00'),
	(263, 1, '2020-05-08', '19:47:09', '0001-01-01', '00:00:00'),
	(264, 1, '2020-05-08', '19:48:28', '0001-01-01', '00:00:00'),
	(265, 1, '2020-05-08', '19:49:31', '0001-01-01', '00:00:00'),
	(266, 1, '2020-05-08', '19:52:57', '0001-01-01', '00:00:00'),
	(267, 1, '2020-05-08', '19:54:01', '0001-01-01', '00:00:00'),
	(268, 1, '2020-05-08', '19:56:58', '0001-01-01', '00:00:00'),
	(269, 1, '2020-05-08', '20:17:21', '0001-01-01', '00:00:00'),
	(270, 1, '2020-05-08', '20:21:15', '0001-01-01', '00:00:00'),
	(271, 1, '2020-05-08', '20:23:57', '0001-01-01', '00:00:00'),
	(272, 1, '2020-05-08', '20:27:19', '0001-01-01', '00:00:00'),
	(273, 1, '2020-05-08', '20:29:07', '0001-01-01', '00:00:00'),
	(274, 1, '2020-05-08', '20:30:46', '0001-01-01', '00:00:00'),
	(275, 1, '2020-05-08', '20:39:14', '0001-01-01', '00:00:00'),
	(276, 1, '2020-05-08', '20:43:54', '0001-01-01', '00:00:00'),
	(277, 1, '2020-05-08', '20:46:32', '0001-01-01', '00:00:00'),
	(278, 1, '2020-05-08', '20:48:21', '0001-01-01', '00:00:00'),
	(279, 1, '2020-05-08', '20:52:10', '0001-01-01', '00:00:00'),
	(280, 1, '2020-05-08', '20:56:45', '0001-01-01', '00:00:00'),
	(281, 1, '2020-05-08', '21:00:40', '0001-01-01', '00:00:00'),
	(282, 1, '2020-05-08', '21:01:33', '0001-01-01', '00:00:00'),
	(283, 1, '2020-05-08', '21:09:44', '0001-01-01', '00:00:00'),
	(284, 1, '2020-05-08', '21:16:13', '0001-01-01', '00:00:00'),
	(285, 1, '2020-05-08', '21:25:44', '0001-01-01', '00:00:00'),
	(286, 1, '2020-05-08', '21:28:07', '0001-01-01', '00:00:00'),
	(287, 1, '2020-05-08', '21:29:47', '0001-01-01', '00:00:00'),
	(288, 1, '2020-05-08', '21:34:15', '0001-01-01', '00:00:00'),
	(289, 1, '2020-05-08', '21:36:44', '0001-01-01', '00:00:00'),
	(290, 1, '2020-05-08', '21:40:18', '0001-01-01', '00:00:00'),
	(291, 1, '2020-05-08', '21:45:28', '0001-01-01', '00:00:00'),
	(292, 1, '2020-05-08', '21:53:11', '0001-01-01', '00:00:00'),
	(293, 1, '2020-05-08', '21:56:20', '0001-01-01', '00:00:00'),
	(294, 1, '2020-05-08', '22:01:52', '0001-01-01', '00:00:00'),
	(295, 1, '2020-05-08', '22:04:42', '0001-01-01', '00:00:00'),
	(296, 1, '2020-05-08', '22:09:11', '0001-01-01', '00:00:00'),
	(297, 1, '2020-05-08', '22:13:36', '0001-01-01', '00:00:00'),
	(298, 1, '2020-05-08', '22:14:57', '0001-01-01', '00:00:00'),
	(299, 1, '2020-05-08', '22:35:47', '0001-01-01', '00:00:00'),
	(300, 1, '2020-05-08', '22:37:48', '0001-01-01', '00:00:00'),
	(301, 1, '2020-05-08', '22:40:28', '0001-01-01', '00:00:00'),
	(302, 1, '2020-05-08', '22:46:41', '0001-01-01', '00:00:00'),
	(303, 1, '2020-05-08', '22:52:17', '0001-01-01', '00:00:00'),
	(304, 1, '2020-05-08', '23:02:36', '0001-01-01', '00:00:00'),
	(305, 1, '2020-05-08', '23:05:36', '0001-01-01', '00:00:00'),
	(306, 1, '2020-05-08', '23:08:42', '0001-01-01', '00:00:00'),
	(307, 1, '2020-05-08', '23:11:48', '0001-01-01', '00:00:00'),
	(308, 1, '2020-05-08', '23:19:24', '0001-01-01', '00:00:00'),
	(309, 1, '2020-05-08', '23:30:36', '0001-01-01', '00:00:00'),
	(310, 1, '2020-05-08', '23:33:23', '0001-01-01', '00:00:00'),
	(311, 1, '2020-05-08', '23:35:03', '0001-01-01', '00:00:00'),
	(312, 1, '2020-05-08', '23:36:53', '0001-01-01', '00:00:00'),
	(313, 1, '2020-05-08', '23:38:34', '0001-01-01', '00:00:00'),
	(314, 1, '2020-05-08', '23:48:09', '0001-01-01', '00:00:00'),
	(315, 1, '2020-05-09', '00:31:12', '0001-01-01', '00:00:00'),
	(316, 1, '2020-05-09', '00:32:11', '0001-01-01', '00:00:00'),
	(317, 1, '2020-05-09', '00:33:53', '0001-01-01', '00:00:00'),
	(318, 1, '2020-05-09', '00:36:06', '0001-01-01', '00:00:00'),
	(319, 1, '2020-05-09', '00:38:11', '0001-01-01', '00:00:00'),
	(320, 1, '2020-05-09', '00:39:53', '0001-01-01', '00:00:00'),
	(321, 2, '2020-05-09', '00:40:43', '0001-01-01', '00:00:00'),
	(322, 1, '2020-05-09', '00:41:14', '0001-01-01', '00:00:00'),
	(323, 1, '2020-05-09', '00:43:06', '0001-01-01', '00:00:00'),
	(324, 1, '2020-05-09', '01:06:53', '0001-01-01', '00:00:00'),
	(325, 1, '2020-05-09', '01:14:01', '0001-01-01', '00:00:00'),
	(326, 1, '2020-05-09', '10:26:08', '0001-01-01', '00:00:00'),
	(327, 1, '2020-05-09', '10:32:44', '0001-01-01', '00:00:00'),
	(328, 1, '2020-05-09', '10:36:00', '0001-01-01', '00:00:00'),
	(329, 1, '2020-05-09', '10:57:09', '0001-01-01', '00:00:00'),
	(330, 1, '2020-05-09', '11:01:30', '0001-01-01', '00:00:00'),
	(331, 1, '2020-05-09', '11:04:18', '0001-01-01', '00:00:00'),
	(332, 1, '2020-05-09', '11:06:47', '0001-01-01', '00:00:00'),
	(333, 1, '2020-05-09', '11:12:22', '0001-01-01', '00:00:00'),
	(334, 1, '2020-05-09', '11:14:31', '0001-01-01', '00:00:00'),
	(335, 1, '2020-05-09', '11:24:54', '0001-01-01', '00:00:00'),
	(336, 1, '2020-05-09', '11:26:15', '0001-01-01', '00:00:00'),
	(337, 1, '2020-05-09', '11:28:05', '0001-01-01', '00:00:00'),
	(338, 1, '2020-05-09', '11:30:09', '0001-01-01', '00:00:00'),
	(339, 1, '2020-05-09', '11:35:02', '0001-01-01', '00:00:00'),
	(340, 1, '2020-05-09', '11:37:49', '0001-01-01', '00:00:00'),
	(341, 1, '2020-05-09', '11:45:41', '0001-01-01', '00:00:00'),
	(342, 1, '2020-05-09', '11:51:31', '0001-01-01', '00:00:00'),
	(343, 1, '2020-05-09', '11:54:54', '0001-01-01', '00:00:00'),
	(344, 1, '2020-05-09', '11:59:52', '0001-01-01', '00:00:00'),
	(345, 1, '2020-05-09', '12:05:15', '0001-01-01', '00:00:00'),
	(346, 1, '2020-05-09', '12:09:27', '0001-01-01', '00:00:00'),
	(347, 1, '2020-05-09', '12:13:13', '0001-01-01', '00:00:00'),
	(348, 1, '2020-05-09', '12:15:14', '0001-01-01', '00:00:00'),
	(349, 1, '2020-05-09', '12:23:31', '0001-01-01', '00:00:00'),
	(350, 1, '2020-05-09', '12:24:36', '0001-01-01', '00:00:00'),
	(351, 1, '2020-05-09', '12:25:07', '0001-01-01', '00:00:00'),
	(352, 1, '2020-05-09', '12:25:49', '0001-01-01', '00:00:00'),
	(353, 1, '2020-05-09', '12:32:31', '0001-01-01', '00:00:00'),
	(354, 1, '2020-05-09', '12:33:13', '0001-01-01', '00:00:00'),
	(355, 1, '2020-05-09', '12:33:53', '0001-01-01', '00:00:00'),
	(356, 1, '2020-05-09', '12:39:36', '0001-01-01', '00:00:00'),
	(357, 1, '2020-05-09', '12:40:52', '0001-01-01', '00:00:00'),
	(358, 1, '2020-05-09', '12:43:36', '0001-01-01', '00:00:00'),
	(359, 1, '2020-05-09', '12:45:26', '0001-01-01', '00:00:00'),
	(360, 1, '2020-05-09', '12:54:56', '0001-01-01', '00:00:00'),
	(361, 1, '2020-05-09', '12:57:59', '0001-01-01', '00:00:00'),
	(362, 1, '2020-05-09', '13:01:19', '0001-01-01', '00:00:00'),
	(363, 1, '2020-05-09', '13:02:31', '0001-01-01', '00:00:00'),
	(364, 1, '2020-05-09', '13:04:49', '0001-01-01', '00:00:00'),
	(365, 1, '2020-05-09', '13:13:41', '0001-01-01', '00:00:00'),
	(366, 1, '2020-05-09', '13:15:35', '0001-01-01', '00:00:00'),
	(367, 1, '2020-05-09', '13:17:12', '0001-01-01', '00:00:00'),
	(368, 1, '2020-05-09', '13:19:01', '0001-01-01', '00:00:00'),
	(369, 1, '2020-05-09', '13:21:00', '0001-01-01', '00:00:00'),
	(370, 1, '2020-05-09', '13:25:01', '0001-01-01', '00:00:00'),
	(371, 1, '2020-05-09', '13:26:09', '0001-01-01', '00:00:00'),
	(372, 1, '2020-05-09', '13:30:32', '0001-01-01', '00:00:00'),
	(373, 1, '2020-05-09', '13:33:21', '0001-01-01', '00:00:00'),
	(374, 1, '2020-05-09', '13:35:15', '0001-01-01', '00:00:00'),
	(375, 1, '2020-05-09', '13:40:02', '0001-01-01', '00:00:00'),
	(376, 1, '2020-05-09', '13:47:36', '0001-01-01', '00:00:00'),
	(377, 1, '2020-05-09', '13:50:11', '0001-01-01', '00:00:00'),
	(378, 1, '2020-05-09', '13:55:13', '0001-01-01', '00:00:00'),
	(379, 1, '2020-05-09', '13:57:42', '0001-01-01', '00:00:00'),
	(380, 1, '2020-05-09', '13:59:22', '0001-01-01', '00:00:00'),
	(381, 1, '2020-05-09', '14:00:53', '0001-01-01', '00:00:00'),
	(382, 1, '2020-05-09', '14:05:08', '0001-01-01', '00:00:00'),
	(383, 1, '2020-05-09', '14:07:07', '0001-01-01', '00:00:00'),
	(384, 1, '2020-05-09', '14:08:11', '0001-01-01', '00:00:00'),
	(385, 1, '2020-05-09', '14:10:01', '0001-01-01', '00:00:00'),
	(386, 1, '2020-05-09', '14:11:34', '0001-01-01', '00:00:00'),
	(387, 1, '2020-05-09', '14:13:15', '0001-01-01', '00:00:00'),
	(388, 1, '2020-05-09', '14:13:56', '0001-01-01', '00:00:00'),
	(389, 1, '2020-05-09', '14:15:17', '0001-01-01', '00:00:00'),
	(390, 1, '2020-05-09', '14:17:13', '0001-01-01', '00:00:00'),
	(391, 1, '2020-05-09', '14:19:23', '0001-01-01', '00:00:00'),
	(392, 1, '2020-05-09', '14:20:37', '0001-01-01', '00:00:00'),
	(393, 1, '2020-05-09', '14:22:00', '0001-01-01', '00:00:00'),
	(394, 1, '2020-05-12', '00:13:10', '0001-01-01', '00:00:00'),
	(395, 1, '2020-05-12', '22:02:12', '0001-01-01', '00:00:00'),
	(396, 1, '2020-05-12', '22:42:01', '0001-01-01', '00:00:00'),
	(397, 1, '2020-05-12', '22:44:27', '0001-01-01', '00:00:00'),
	(398, 1, '2020-05-12', '23:25:42', '0001-01-01', '00:00:00'),
	(399, 1, '2020-05-13', '00:03:31', '0001-01-01', '00:00:00'),
	(400, 1, '2020-05-13', '00:04:15', '0001-01-01', '00:00:00'),
	(401, 1, '2020-05-13', '00:08:03', '0001-01-01', '00:00:00'),
	(402, 1, '2020-05-13', '00:09:42', '0001-01-01', '00:00:00'),
	(403, 1, '2020-05-13', '00:58:51', '0001-01-01', '00:00:00'),
	(404, 1, '2020-05-16', '09:06:21', '0001-01-01', '00:00:00'),
	(405, 1, '2020-05-16', '09:10:50', '0001-01-01', '00:00:00'),
	(406, 1, '2020-05-16', '09:13:30', '0001-01-01', '00:00:00'),
	(407, 1, '2020-05-22', '21:04:06', '0001-01-01', '00:00:00');
/*!40000 ALTER TABLE `loginhistory` ENABLE KEYS */;

DROP TABLE IF EXISTS `searchlog`;
CREATE TABLE IF NOT EXISTS `searchlog` (
  `searchId` int(11) NOT NULL AUTO_INCREMENT,
  `userId` int(11) NOT NULL DEFAULT '0',
  `searchText` text NOT NULL,
  `searchDate` date NOT NULL,
  `searchTime` time NOT NULL,
  PRIMARY KEY (`searchId`)
) ENGINE=InnoDB DEFAULT CHARSET=latin1;

DELETE FROM `searchlog`;
/*!40000 ALTER TABLE `searchlog` DISABLE KEYS */;
INSERT INTO `searchlog` (`searchId`, `userId`, `searchText`, `searchDate`, `searchTime`) VALUES
	(1, 1, 'case', '2020-05-09', '01:07:02'),
	(2, 1, 'case study', '2020-05-09', '01:14:07'),
	(3, 1, 'case study', '2020-05-09', '01:21:17'),
	(4, 1, 'case', '2020-05-09', '11:07:04'),
	(5, 1, 'case study', '2020-05-09', '11:29:30'),
	(6, 1, 'case study', '2020-05-09', '11:31:31'),
	(7, 1, 'word', '2020-05-12', '22:08:31'),
	(8, 1, 'Web-based Document Management Systems', '2020-05-13', '00:46:33'),
	(9, 1, 'case study', '2020-05-13', '00:55:18'),
	(10, 1, 'word', '2020-05-13', '01:00:08'),
	(11, 1, 'case study', '2020-05-16', '09:06:34'),
	(12, 1, 'Employees', '2020-05-16', '09:11:45'),
	(13, 1, 'Employees', '2020-05-16', '09:13:37'),
	(14, 1, 'case study', '2020-05-22', '21:09:09'),
	(15, 1, 'bedfordshire', '2020-05-22', '21:10:07'),
	(16, 1, 'Employee', '2020-05-22', '21:11:38'),
	(17, 1, 'Employees', '2020-05-22', '21:15:13');
/*!40000 ALTER TABLE `searchlog` ENABLE KEYS */;

DROP TABLE IF EXISTS `user`;
CREATE TABLE IF NOT EXISTS `user` (
  `userid` int(11) NOT NULL AUTO_INCREMENT,
  `email` varchar(100) NOT NULL DEFAULT '',
  `userLevel` int(11) NOT NULL DEFAULT '0',
  `firstName` varchar(100) NOT NULL DEFAULT '',
  `secondName` varchar(100) NOT NULL DEFAULT '',
  `profileImage` varchar(100) NOT NULL DEFAULT '',
  `departmentId` int(11) NOT NULL DEFAULT '0',
  `password` varchar(250) NOT NULL DEFAULT '',
  `createdDate` date NOT NULL,
  `createdTime` time NOT NULL,
  `verifyCode` varchar(50) NOT NULL DEFAULT '',
  `status` int(11) NOT NULL DEFAULT '0',
  `phoneno` varchar(50) NOT NULL DEFAULT '',
  `dateOfBirth` date NOT NULL,
  `isDepartmentHead` int(11) NOT NULL DEFAULT '0',
  PRIMARY KEY (`userid`)
) ENGINE=InnoDB DEFAULT CHARSET=latin1;

DELETE FROM `user`;
/*!40000 ALTER TABLE `user` DISABLE KEYS */;
INSERT INTO `user` (`userid`, `email`, `userLevel`, `firstName`, `secondName`, `profileImage`, `departmentId`, `password`, `createdDate`, `createdTime`, `verifyCode`, `status`, `phoneno`, `dateOfBirth`, `isDepartmentHead`) VALUES
	(1, 'irosh.prasad1@gmail.com1', 1, 'iroshnext', 'prasadnext', '8a99f5f2-7f9c-4679-9de0-7fce9e685e6d.jpg', 1, 'DFSzBnUEpqXTunOPoJrZYg==', '2020-05-06', '00:20:20', '0', 1, '1234', '1994-08-19', 0),
	(2, 'admin@admin.com', 1, 'admin', 'ad', '386f3630-bd06-41e1-8007-c9074344a054.jpg', 2, 'DFSzBnUEpqXTunOPoJrZYg==', '2020-05-08', '22:02:24', '0', 1, '07841', '0001-01-01', 0);
/*!40000 ALTER TABLE `user` ENABLE KEYS */;

DROP TABLE IF EXISTS `userlevel`;
CREATE TABLE IF NOT EXISTS `userlevel` (
  `userLevelId` int(11) NOT NULL AUTO_INCREMENT,
  `userLevelName` text NOT NULL,
  `status` int(11) NOT NULL DEFAULT '0',
  PRIMARY KEY (`userLevelId`)
) ENGINE=InnoDB DEFAULT CHARSET=latin1;

DELETE FROM `userlevel`;
/*!40000 ALTER TABLE `userlevel` DISABLE KEYS */;
INSERT INTO `userlevel` (`userLevelId`, `userLevelName`, `status`) VALUES
	(1, 'Administrator', 1),
	(2, 'Operator', 1),
	(3, 'Test', 1);
/*!40000 ALTER TABLE `userlevel` ENABLE KEYS */;

/*!40101 SET SQL_MODE=IFNULL(@OLD_SQL_MODE, '') */;
/*!40014 SET FOREIGN_KEY_CHECKS=IF(@OLD_FOREIGN_KEY_CHECKS IS NULL, 1, @OLD_FOREIGN_KEY_CHECKS) */;
/*!40101 SET CHARACTER_SET_CLIENT=@OLD_CHARACTER_SET_CLIENT */;
